1,Sleek Granite Bench,$48.99,6,Nike,Messenger bag beard artisan whatever pabst scenester sustainable. Neutra yuccie goth locavore lo-fi truffaut knausgaard ennui. Ramps 90's ethical. Pbr&b keytar distillery chambray.
2,Ergonomic Copper Lamp,$86.99,14,Nikon,Ennui ramps chambray swag viral try-hard. Tattooed everyday 3 wolf moon goth flexitarian tousled church-key. Drinking put a bird on it hashtag fashion axe.
3,Aerodynamic Cotton Coat,$54.99,8,Beats,Biodiesel salvia freegan mustache five dollar toast meditation. Viral 8-bit brunch. Tousled offal retro. Raw denim next level thundercats shabby chic leggings humblebrag.
4,Enormous Linen Lamp,$95.99,13,Nike,Blog farm-to-table normcore vice disrupt shabby chic ennui umami. Cornhole venmo taxidermy mlkshk diy. Brunch venmo cray poutine kombucha scenester carry. Marfa migas leggings pug listicle.
5,Practical Cotton Pants,$77.99,7,Nikon,Cray vinyl goth photo booth diy paleo organic. Mixtape kinfolk pbr&b lomo plaid craft beer.
6,Enormous Bronze Gloves,$50.99,6,Beats,Before they sold out keffiyeh wayfarers put a bird on it. Wes anderson chillwave swag taxidermy try-hard pabst. Helvetica gentrify lo-fi gluten-free brunch craft beer photo booth.
7,Ergonomic Leather Lamp,$95.99,14,Adidas,Twee artisan everyday flexitarian keffiyeh. Banjo hoodie bushwick master readymade asymmetrical try-hard tousled. Etsy art party roof knausgaard yuccie neutra.
8,Aerodynamic Plastic Bottle,$44.99,5,Dell,Mustache wayfarers 8-bit intelligentsia +1 phlogiston. Drinking xoxo fingerstache slow-carb. Dreamcatcher chartreuse ugh. Xoxo try-hard wolf.
9,Practical Concrete Lamp,$29.99,13,Dell,Fingerstache try-hard meggings five dollar toast yuccie. Shabby chic kinfolk bushwick. Knausgaard organic polaroid flannel schlitz fashion axe pop-up.
10,Rustic Linen Bottle,$22.99,13,Apple,Keffiyeh hammock hashtag. Plaid artisan vinyl readymade typewriter polaroid. Squid whatever locavore tote bag crucifix.
11,Enormous Bronze Shirt,$28.99,10,Nike,Intelligentsia ugh slow-carb. Trust fund poutine franzen. Keffiyeh semiotics chia wes anderson yolo. Butcher mixtape organic brooklyn +1 lo-fi health vegan.
12,Enormous Copper Clock,$57.99,5,Beats,Lo-fi authentic letterpress everyday literally lumbersexual. Narwhal roof deep v freegan marfa drinking organic.
13,Small Marble Keyboard,$4.99,13,Apple,Flexitarian schlitz readymade lumbersexual yuccie ugh gluten-free phlogiston. Pitchfork ethical hammock chillwave cold-pressed fingerstache. Craft beer fashion axe meditation raw denim asymmetrical mustache heirloom. Franzen raw denim chartreuse flexitarian irony cred venmo celiac.
14,Incredible Copper Lamp,$89.99,6,LG,Banh mi ramps wayfarers forage brunch fanny pack bushwick. Deep v banh mi carry.
15,Lightweight Bronze Wallet,$94.99,12,LG,Mustache retro selfies 90's hoodie. Kickstarter salvia celiac. Chia cardigan gluten-free. Thundercats williamsburg fashion axe echo farm-to-table.
16,Lightweight Leather Chair,$98.99,9,Beats,Taxidermy waistcoat five dollar toast helvetica truffaut before they sold out chillwave roof. Small batch celiac forage selvage hashtag portland. Schlitz +1 cred everyday normcore helvetica. Art party narwhal letterpress put a bird on it.
17,Synergistic Granite Hat,$45.99,3,Beats,Readymade you probably haven't heard of them ugh roof vegan freegan pork belly vice. Twee 3 wolf moon cronut umami biodiesel. Echo fingerstache ugh pug diy poutine kombucha typewriter.
18,Aerodynamic Wool Watch,$19.99,13,Apple,Marfa ugh wes anderson gastropub chillwave semiotics pinterest disrupt. Diy roof try-hard listicle blue bottle.
19,Synergistic Concrete Watch,$71.99,12,Adidas,You probably haven't heard of them messenger bag godard yr disrupt. Readymade deep v food truck. Waistcoat vinegar umami pour-over. Freegan selvage farm-to-table pbr&b forage typewriter.
20,Awesome Wool Bench,$41.99,10,GoPro,Venmo banh mi five dollar toast diy pinterest. Cornhole pinterest pickled skateboard meditation viral. Biodiesel drinking street fanny pack beard.
21,Rustic Granite Table,$46.99,1,Sony,Taxidermy food truck hashtag leggings viral occupy direct trade. Tousled godard lumbersexual master gluten-free cardigan. Cray loko pug typewriter park sriracha thundercats trust fund.
22,Fantastic Wool Coat,$27.99,1,Sony,Blog locavore cleanse diy tote bag. Mlkshk wes anderson beard. Literally listicle beard meh.
23,Enormous Cotton Gloves,$8.99,5,Nikon,Cliche kombucha banh mi bicycle rights twee muggle magic. Ethical yolo farm-to-table cronut tousled five dollar toast migas.
24,Aerodynamic Bronze Gloves,$61.99,13,Adidas,Narwhal 8-bit pug heirloom single-origin coffee before they sold out. Portland umami hammock. Bespoke williamsburg meggings squid. Vinyl readymade wayfarers.
25,Incredible Paper Computer,$51.99,1,Apple,3 wolf moon echo food truck. Gluten-free ramps lumbersexual goth. Phlogiston ugh xoxo letterpress kinfolk direct trade. Stumptown narwhal cardigan.
26,Aerodynamic Linen Lamp,$16.99,5,Samsung,Paleo brooklyn church-key. Lomo selfies semiotics. Fashion axe tattooed meggings goth. Goth tofu truffaut muggle magic pop-up cliche.
27,Heavy Duty Silk Bottle,$9.99,3,Nikon,Iphone dreamcatcher fingerstache. Typewriter vinyl chartreuse dreamcatcher vhs swag.
28,Incredible Bronze Clock,$77.99,14,Nikon,Pug microdosing biodiesel distillery. Readymade pug selfies art party keffiyeh. Blue bottle cronut hashtag church-key flexitarian artisan flannel cardigan. Heirloom helvetica roof taxidermy tumblr health cardigan.
29,Heavy Duty Linen Knife,$63.99,2,Samsung,Banh mi fashion axe vhs pickled cred neutra. Single-origin coffee tilde pbr&b leggings hella chartreuse helvetica.
30,Sneakers,$20.99,13,Nike,Phlogiston fashion axe yuccie. Echo swag kombucha brooklyn.
31,Chelsea Boots,$30.99,5,Adidas,Artisan deep v chillwave twee raw denim. Skateboard letterpress try-hard truffaut goth typewriter humblebrag messenger bag.
32,Military Boots,$25.99,15,Adidas,Pop-up helvetica chicharrones pickled. Fixie ennui dreamcatcher. Lo-fi cornhole 8-bit leggings occupy.
33,Stiletto,$50.99,8,H&M,Put a bird on it lumbersexual you probably haven't heard of them listicle wolf +1 yolo cornhole. Kinfolk waistcoat viral typewriter truffaut selfies park pop-up.
34,Moccasin,$64.99,3,Louis Vuitton,Hashtag waistcoat echo sustainable truffaut vegan. Shoreditch pabst hammock knausgaard hella. Green juice humblebrag church-key skateboard meggings butcher chartreuse before they sold out. Everyday roof chartreuse meditation polaroid chia etsy locavore.
35,Ballerina,$29.99,9,H&M,Poutine cred direct trade street pbr&b leggings kombucha. Pitchfork photo booth sustainable sartorial locavore. Blue bottle typewriter chambray distillery heirloom whatever.
36,Ankle boots,$52.99,13,Uniqlo,Brunch mustache venmo diy pinterest. Kinfolk roof cray food truck leggings synth next level.
37,Flip-Flop,$70.99,11,Nike,Salvia cold-pressed truffaut blog biodiesel bushwick. Flexitarian freegan knausgaard meditation fixie 90's authentic. Five dollar toast hammock butcher. Flexitarian health sriracha.
38,Rain boots,$40.99,13,Adidas,Seitan 8-bit +1 pour-over quinoa. Ramps pop-up artisan cray cred pitchfork keffiyeh actually.
